slug,name_de,name_en,kategorie,kurzbeschreibung,betroffene_pflanzenteile,wachstumsphase,erste_symptome,typische_ursachen,mehr_infos
"anthracnose","Anthracnose","Anthracnose","Krankheiten / Pilzbefall","Pilzkrankheit mit unregelmässigen, eingesunkenen braunen Flecken, die oft ein Zielscheiben-Muster (konzentrische Ringe) zeigen und bei Feuchtigkeit klebrige Sporenmasse bilden können.","Blätter; Stängel; gelegentlich Blütenstände","alle Phasen, v.a. bei feuchter Witterung","kleine, eingesunkene braune Flecken auf Blättern oder Stängeln","anhaltend feuchte Bedingungen, v.a. bei Outdoor-Anbau oder hoher Luftfeuchtigkeit Indoor; Pilzsporen-Verbreitung durch Spritzwasser",""
"bakterielle-blattflecken-welke","Bakterielle Blattflecken / Welke","Bacterial Leaf Spot / Wilt","Krankheiten / Pilzbefall","Seltenere bakterielle (statt pilzliche) Infektion mit oft wasserglasig wirkenden, dann braun-schwarz werdenden Flecken, manchmal mit gelbem Hof (Halo) - kein mehliger oder wattiger Belag wie bei Pilzbefall.","Blätter","alle Phasen","kleine, wasserglasig-durchscheinende Flecken auf den Blättern","Eintritt von Bakterien über Verletzungen (Insektenfraß, Trainingsschnitte) oder durch Spritzwasser; feuchte Bedingungen fördern bakterielle Vermehrung und Ausbreitung",""
"blattlaeuse","Blattläuse","Aphids","Schaedlinge","Kleine, birnenförmige Insekten, die in Gruppen an jungen Trieben und Blattunterseiten sitzen und eine klebrige Honigtau-Substanz absondern, die oft Schwärzepilz anzieht.","junge Triebe; Blattunterseiten; Blattachseln","alle Phasen, v.a. Wachstumsphase","kleine Gruppen grünlicher bis schwarzer Insekten an Triebspitzen und Blattunterseiten; leicht klebrige, glänzende Oberfläche auf Blättern (Honigtau)","Einschleppung durch befallene Pflanzen oder von aussen einfliegende geflügelte Blattläuse; Ameisen können Blattläuse aktiv ""kultivieren"" und verbreiten wegen des Honigtaus","https://meineplantage.de/cannabis-schaedlinge-erkennen/; https://meineplantage.de/blattlaeuse-cannabis-bekaempfen/; https://meineplantage.de/cannabis-krankheiten-erkennen/"
"bor-mangel","Bor-Mangel","Boron Deficiency (B)","Naehrstoffmangel","Seltener immobiler Mikronährstoff-Mangel, betrifft das Apikalmeristem (Wachstumsspitze) - bei starkem Mangel stirbt die Triebspitze ab.","Wachstumsspitzen (Apikalmeristem); neue Blätter","Wachstumsphase","leichte Verkrümmung/Verdrehung neuer Blätter; leicht verdickte, brückige neue Triebe","zu hoher pH-Wert blockiert Bor-Aufnahme; sehr seltene echte Substratarmut; Überkalkung des Substrats (zu viel Calcium ohne Bor-Ausgleich)",""
"bortoxizitaet","Bor-Toxizität","Boron Toxicity","Naehrstoffueberschuss","Bor hat die schmalste Marge zwischen Mangel und Toxizität aller Nährstoffe - schon leichte Überdosierung verursacht gelbe Randverbrennung an älteren Blättern.","Blattränder älterer Blätter","Wachstumsphase","gelbe Randzone an älteren Blättern, beginnend an der Blattspitze","Überdosierung eines Bor-Präparats (häufigster Fehler: zu hohe Konzentration bei Eigenmischung); Verwendung borhaltigen Brunnenwassers in Kombination mit zusätzlicher Bor-Düngung",""
"breitmilben-russet-mites","Breitmilben (Russet Mites)","Broad/Russet Mites","Schaedlinge","Extrem kleine, mit blossem Auge praktisch unsichtbare Milben, die erst spät durch diffuse Vergilbung, glänzende/lederartige Blattoberfläche und nach unten gebogene Blattstiele auffallen.","neue Blätter und Triebspitzen; Blattstiele","alle Phasen, oft spät in der Blüte entdeckt","leicht glänzende, fast lederartig wirkende Oberfläche an neuen Blättern; leichtes Abwärtskrümmen der Blattstiele","Einschleppung durch befallene Klone/Mutterpflanzen (häufigster Übertragungsweg); sehr schwer durch normale Hygienemassnahmen zu verhindern wegen der mikroskopischen Grösse",""
"bud-rot-botrytis","Bud Rot (Botrytis)","Bud Rot","Krankheiten / Pilzbefall","Grauschimmel-Pilz, der sich von innen heraus in dichten Blütenständen ausbreitet - von aussen oft erst sichtbar, wenn der befallene Bereich bereits braun/grau verfärbt und matschig ist.","Blütenstände, beginnend im Inneren","Blütephase, v.a. mittlere bis späte Blüte","einzelne Blüten innerhalb eines Blütenstandes verfärben sich braun/grau und wirken leicht eingefallen; bei genauer Untersuchung des Inneren feiner grauer Pilzrasen sichtbar","hohe Luftfeuchtigkeit kombiniert mit dichten, schlecht durchlüfteten Blütenständen; Temperaturschwankungen mit Kondensationsbildung (siehe Kondensation/Taubildung als Vorstufe); Verletzungen durch Schädlinge (z.B. Budworm) als Eintrittspforte","https://meineplantage.de/grauschimmel-cannabis-botrytis-erkennen/; https://meineplantage.de/cannabis-regenschutz-outdoor/; https://meineplantage.de/cannabis-schimmel-regen/; https://meineplantage.de/cannabis-krankheiten-erkennen/"
"calciummangel","Calciummangel","Calcium Deficiency (Ca)","Naehrstoffmangel","Immobiler Mikro-/Sekundärnährstoff-Mangel, betrifft daher NEUE Blätter und Triebe zürst. Typisch sind kleine braune/rostige Flecken und verkrümmte neue Triebspitzen.","neue Blätter und Triebspitzen; Blütenstände bei fortgeschrittenem Mangel","Wachstumsphase; Blüte (erhöht Risiko für Botrytis bei starkem Mangel)","kleine braune/rostige Flecken auf neuen, oberen Blättern; leicht verkrümmte oder deformierte neue Triebspitzen","zu niedriger pH-Wert blockiert Ca-Aufnahme; reines Osmosewasser ohne Cal-Mag-Zusatz; zu schnelles Wachstum bei unzureichendem Ca-Angebot; Hydro-Systeme ohne Calcium-Erganzung","https://meineplantage.de/kalziummangel-cannabis/; https://meineplantage.de/cannabis-blattspitzen-braun/; https://meineplantage.de/cannabis-krankheiten-erkennen/"
"calciumueberschuss-ueberkalkung","Calciumüberschuss / Überkalkung","Calcium Excess / Overliming","Naehrstoffueberschuss","Zu viel Calcium (oft durch Überkalkung des Substrats) hebt den pH-Wert zu stark an und blockiert dadurch die Aufnahme von Mikronährstoffen wie Eisen, Mangan, Zink und Bor.","neue Blätter; Triebspitzen","Wachstumsphase","leichte interveinale Chlorose an neuen Blättern (Fe-Mangel-Folge); pH-Wert im Substrat ungewöhnlich hoch (über 7.0)","zu hohe Kalkmenge bei Substrat-Vorbereitung (Dolomitkalk/Gartenkalk überdosiert); sehr hartes, calciumreiches Leitungswasser über lange Zeit ohne pH-Korrektur",""
"chlor-chloramin-wasser","Chlor-/Chloramin-Belastung im Leitungswasser","Chlorine/Chloramine Water Stress","Bewaesserungsprobleme","Stark gechlortes oder chloramin-versetztes Leitungswasser (typisch städtisch) kann Wurzelhaare und nützliche Mikroorganismen im Substrat schädigen, sichtbar als diffuses, unspezifisches Wachstumsdefizit.","Wurzeln; gesamte Pflanze indirekt","alle Phasen, besonders kritisch bei Living-Soil-Substraten","leicht verlangsamtes Wachstum ohne sonst erkennbare Ursache; leicht blasse Gesamtfarbe trotz korrekter Düngung","direkte Verwendung von Leitungswasser ohne Abstehen-Lassen oder Filterung in Gegenden mit hoher Chlor-/Chloramin-Dosierung; besonders relevant bei Chloramin, das im Gegensatz zu Chlor nicht durch einfaches Abstehen-Lassen verfliegt","https://meineplantage.de/cannabis-living-soil-substrat/"
"chlorophyll-heugeruch-curing-fehler","Chlorophyll-/Heugeruch (Curing-Fehler)","Chlorophyll/Hay Smell (Curing Error)","Bluete-/Ernteprobleme","Zu schnelle Trocknung oder unzureichendes Curing verhindert den vollständigen Abbau von Chlorophyll und anderen Pflanzenstoffen - das Ergebnis riecht nach frisch gemähtem Heu statt nach dem erwarteten Sortenaroma.","getrocknete/gecurte Blütenstände","nach der Trocknung, Curing-Phase","fertig getrocknete Buds riechen nach frisch gemähtem Gras/Heu statt nach dem erwarteten Terpenaroma der Sorte","zu schnelle Trocknung (zu hohe Temperatur oder zu niedrige Luftfeuchtigkeit), die den natürlichen enzymatischen Chlorophyll-Abbau verhindert; kein oder zu kurzes Curing (Lagerung in luftdichten Gefässen mit periodischem ""Burping""); Ernte mit noch hohem Chlorophyllgehalt (z.B. durch starke Spätdüngung mit Stickstoff statt rechtzeitigem Flush)","https://meineplantage.de/cannabis-curing-fermentieren-anleitung/"
"co2-mangel","CO2-Mangel","CO2 Deficiency","Umweltstress","In dicht abgeschlossenen Indoor-Zelten ohne Luftaustausch kann der CO2-Gehalt unter das für Photosynthese nötige Niveau fallen - sichtbar als generell verlangsamtes Wachstum trotz optimaler sonstiger Bedingungen.","gesamte Pflanze","alle Phasen, v.a. bei sehr dichten, schlecht belüfteten Zelten mit hoher Pflanzendichte","allgemein langsameres Wachstum trotz optimaler Licht-, Temperatur- und Nährstoffbedingungen","kein oder unzureichender Luftaustausch (Zu-/Abluft) im Anbauraum; hohe Pflanzendichte verbraucht CO2 schneller als es nachströmt; komplett abgedichteter Raum ohne Frischluftzufuhr",""
"co2-ueberschuss","CO2-Überschuss","CO2 Excess/Toxicity","Umweltstress","Nur relevant bei aktiver CO2-Anreicherung in geschlossenen Räumen - zu hohe Konzentrationen können Blattschäden verursachen und sind ausserdem ein Gesundheitsrisiko für Menschen im Raum.","Blätter","alle Phasen, nur bei aktiver CO2-Anreicherung relevant","leichte, diffuse Blattverfärbung ohne klares Muster bei sehr hohen CO2-Werten","fehlerhaft eingestellte oder defekte CO2-Anreicherungsanlage; CO2-Zufuhr ohne entsprechend angepasste Lichtintensität (CO2-Nutzen braucht intensives Licht)",""
"damping-off","Damping-Off (Auflaufkrankheit)","Damping-Off","Krankheiten / Pilzbefall","Pilzkrankheit speziell bei Keimlingen, die zu einer dünnen, wasserglasig-durchsichtigen, eingeschnürten Stelle am Stängel direkt über dem Substrat führt - der Keimling kippt daraufhin um und stirbt.","Stängelbasis bei Keimlingen","ausschliesslich Keimlingsphase","dünne, wasserglasig-durchsichtig wirkende Einschnürung am Stängel direkt über der Substratoberfläche","zu feuchtes, schlecht belüfteted Substrat in der Keimlingsphase; zu wenig Luftzirkulation unter einer Feuchtigkeitshaube ohne Lüftungsöffnungen; kontaminiertes Anzuchtsubstrat","https://meineplantage.de/cannabis-keimling-faellt-um/"
"ec-zu-hoch","EC-Wert zu hoch","EC Too High (Salt Stress)","pH-/EC-Probleme","Zu hohe Salzkonzentration in der Nährlösung oder im Substrat erschwert die Wasseraufnahme der Wurzeln osmotisch - sichtbar als hängende Blätter trotz feuchtem Substrat plus Verbrennungssymptome.","Wurzeln (primär); Blattspitzen; gesamte Pflanze","alle Phasen","leicht hängende Blätter trotz ausreichend feuchtem Substrat; dunkelgrüne Blattfarbe","Nährlösung mit zu hoher Gesamtkonzentration angesetzt; keine regelmässigen Spülgänge mit klarem Wasser; Substrat ohne ausreichende Drainage, Salze reichern sich kumulativ an","https://meineplantage.de/ec-wert-cannabis-messen/"
"echter-mehltau","Echter Mehltau","Powdery Mildew","Krankheiten / Pilzbefall","Pilzkrankheit mit mehlig-pudrigem, weissem Belag auf der Blattoberfläche, der sich bei Berührung leicht abwischen lässt aber schnell wiederkehrt.","Blattoberseite; bei Fortschritt Blütenstände","alle Phasen","kleine weisse, mehlig-pudrige Flecken auf der Blattoberseite","schlechte Luftzirkulation; zu enger Pflanzenabstand; mässige bis hohe Luftfeuchtigkeit ohne ausreichende Belüftung","https://meineplantage.de/cannabis-krankheiten-erkennen/"
"eisentoxizitaet","Eisen-Toxizität","Iron Toxicity","Naehrstoffueberschuss","Seltene Toxizität, meist Folge eines zu niedrigen pH-Werts, der zu viel Eisen lösbar macht - zeigt sich als bronzefarbene bis dunkle Flecken auf älteren Blättern.","ältere Blätter","Wachstumsphase; Blüte","kleine bronzefarbene bis rotbraune Flecken auf älteren Blättern","zu niedriger pH-Wert (unter 5.5) macht Eisen im Substrat überverfügbar; extreme Überdosierung eines Eisen-Chelat-Präparats",""
"eisenmangel","Eisenmangel","Iron Deficiency (Fe)","Naehrstoffmangel","Immobiler Mikronährstoff-Mangel mit interveinaler Chlorose, aber im Gegensatz zu Magnesium an NEUEN/oberen Blättern. Oft pH-bedingt statt echter Mangel.","neue, obere Blätter; Triebspitzen","Wachstumsphase; Blüte","hellgelbe bis fast weisse Bereiche zwischen den Adern an neuen oberen Blättern; Adern bleiben deutlich grün","zu hoher pH-Wert blockiert Fe-Aufnahme (häufigste Ursache, kein echter Fe-Mangel im Substrat); kalte Wurzelzone; Überwässerung mit Sauerstoffmangel an den Wurzeln; Mangan-Überschuss verdrängt Eisen","https://meineplantage.de/eisenmangel-cannabis-chlorose/; https://meineplantage.de/cannabis-krankheiten-erkennen/"
"ernte-timing-fehler","Ernte-Timing-Fehler","Harvest Timing Errors","Bluete-/Ernteprobleme","Zu frühe oder zu späte Ernte beeinflusst Wirkungsprofil und Qualität erheblich - die Trichom-Farbe (milchig vs. bernsteinfarben) ist der zuverlässigste Indikator für den richtigen Zeitpunkt.","Blütenstände, Trichome","Erntezeitpunkt am Ende der Blüte","bei zu früher Ernte: Trichome überwiegend klar/durchsichtig statt milchig; bei zu später Ernte: hoher Anteil bernsteinfarbener/brauner Trichome, teils erste Stempelfäden komplett braun und eingetrocknet","fehlende oder ungenaue Kontrolle der Trichom-Farbe mit Lupe/Mikroskop; Ernte rein nach Kalendertag/Sortenangabe statt nach tatsächlichem Reifezustand; externer Zeitdruck (z.B. Outdoor-Wetterumschwung) erzwingt frühere oder spätere Ernte als optimal","https://meineplantage.de/cannabis-erntezeitpunkt-trichome-bestimmen/"
"etiolation-vergeilung","Etiolation (Vergeilung)","Etiolation","Lichtstress","Zu wenig Licht führt zu unnatürlich starker Streckung der Internodien, dünnen Stängeln und blassen Blättern - die Pflanze ""sucht"" nach mehr Licht.","gesamte Pflanze, v.a. Stängel und Internodien","Keimlings- und frühe Wachstumsphase am kritischsten","ungewöhnlich lange Abstände zwischen den Blattknoten; dünne, schwache Stängel","zu schwache Lichtquelle oder zu grosser Abstand zur Pflanze; zu wenig Lichtstunden pro Tag in der Wachstumsphase; starke Konkurrenz durch benachbarte, höhere Pflanzen die Schatten werfen","https://meineplantage.de/licht-cannabis-spektrum-beleuchtungsdauer/; https://meineplantage.de/cannabis-saemling-spargelig-etioliert/"
"falscher-mehltau","Falscher Mehltau","Downy Mildew","Krankheiten / Pilzbefall","Anderer Erreger als Echter Mehltau - zeigt gelbe bis braune Flecken auf der Blattoberseite, während sich der eigentliche graue/weisse Pilzbelag auf der BLATTUNTERSEITE bildet.","Blattunterseite (Pilzbelag); Blattoberseite (Verfärbung)","alle Phasen, v.a. bei hoher Feuchtigkeit","gelbliche, eckige Flecken auf der Blattoberseite, oft entlang der Blattadern begrenzt","anhaltend hohe Luftfeuchtigkeit, besonders in Kombination mit kühleren Temperaturen; schlechte Luftzirkulation, besonders an der Blattunterseite","https://meineplantage.de/cannabis-krankheiten-erkennen/"
"foxtailing","Foxtailing","Foxtailing","Wachstums- und Trainingsprobleme","Spitz auswachsende, geschichtete Blütenstände - kann genetisch normal (manche Sorten) oder eine Stressreaktion auf Hitze/intensives Licht sein, Unterscheidung erfolgt über Begleitumstände.","Blütenstände","mittlere bis späte Blüte","Blütenstand wirkt spitzer und länglicher als erwartet, mit erkennbar geschichteten Abschnitten","genetische Sortencharakteristik (manche Sativa-dominante Linien neigen natürlich zum Foxtailing); Hitzestress; zu intensive Lichteinstrahlung auf die oberen Blütenstände",""
"fusarium-welke-oberirdisch","Fusarium-Welke (oberirdisch)","Fusarium Wilt","Krankheiten / Pilzbefall","Systemische Pilzinfektion des Leitgewebes, die unabhängig von der Wurzelfäule-Variante oberirdisch durch fortschreitendes, einseitiges Welken ganzer Äste und eine charakteristische Braunfärbung im Stengelquerschnitt auffällt.","Leitgewebe (Xylem); Stängel; ganze Zweige","alle Phasen","ein oder mehrere Zweige welken, während der Rest der Pflanze gesund wirkt; leichte Verfärbung der Blattadern auf welkenden Zweigen","Pilzinfektion über Wurzelverletzungen oder kontaminiertes Substrat/Pflanzenmaterial; Stress (Hitze, Wassermangel) kann den Krankheitsverlauf beschleunigen",""
"fusarium-wurzelfaeule","Fusarium-Wurzelfäule","Fusarium Root Rot","Wurzelprobleme","Bodenpilz, der Wurzeln und unteren Stängel befällt - im Unterschied zu Pythium oft mit zusätzlichem einseitigem Welken einzelner Zweige statt der ganzen Pflanze gleichzeitig.","Wurzeln; unterer Stängel; einzelne Zweige","alle Phasen","einseitiges Welken einzelner Zweige, während der Rest der Pflanze normal wirkt; leichte Verfärbung am unteren Stängel","kontaminiertes Substrat oder Stecklingsmaterial; Wurzelverletzungen (z.B. beim Umtopfen) als Eintrittspforte; Stressbedingungen die das Immunsystem der Pflanze schwächen",""
"gescheiterte-stecklingsbewurzelung","Gescheiterte Stecklingsbewurzelung","Failed Cutting/Clone Rooting","Wachstums- und Trainingsprobleme","Ein Steckling bildet trotz an sich gesunder Optik über längere Zeit keine Wurzeln - hängt meist mit Schnitttechnik, Hormonbehandlung oder Klimabedingungen während der Bewurzelungsphase zusammen.","Stecklingsbasis; gesamter Steckling","Stecklings-/Bewurzelungsphase","Steckling bleibt nach 1-2 Wochen ohne sichtbares neues Wachstum oder Wurzelansatz; leichtes, anhaltendes Welken trotz Feuchtigkeitszelt","schräger statt glatter Schnitt oder falscher Schnittwinkel/-ort am Mutterzweig; fehlende oder falsch angewendete Bewurzelungshormone; zu niedrige Substrat-/Lufttemperatur, zu wenig Bodenwärme; Mutterpflanze selbst in schlechter Vitalität (z.B. durch HLVd, siehe [[hop-latent-viroid-hlvd]])","https://meineplantage.de/cannabis-stecklinge-schneiden-und-bewurzeln/"
"hermaphroditismus-stressbananen","Hermaphroditismus (Stressbananen)","Hermaphroditism / Stress Nanners","Bluete-/Ernteprobleme","Stress oder genetische Veranlagung führt zur Bildung männlicher Blütenstrukturen (""Bananen"") an einer eigentlich weiblichen Pflanze - Risiko der Selbstbestäubung und Samenbildung.","Blütenstände","Blütephase","kleine, gelblich-bananenförmige Strukturen einzeln zwischen den weiblichen Blütenkelchen sichtbar","anhaltender Umweltstress (Hitze, Lichtleck, Wassermangel, mechanische Verletzung) während der Blüte; genetische Veranlagung mancher instabiler Sorten/Phänotypen zur Zwitterbildung; späte Ernte mit überreifer Pflanze (natürliches Alterssignal)",""
"hitzestress","Hitzestress","Heat Stress","Umweltstress","Zu hohe Temperaturen (besonders in Kombination mit zu nahem Licht) führen zu taco-förmig eingerollten Blättern, hellen Blattspitzen und allgemeinem Welken trotz ausreichender Bewässerung.","gesamte Pflanze, v.a. obere lichtnahe Blätter","alle Phasen","Blattränder rollen sich taco-förmig nach oben ein; leichtes Welken auch bei feuchtem Substrat","zu hohe Raumtemperatur, oft durch unzureichende Kühlung/Abluft; Lampe zu nah am Blätterdach (zusätzliche Strahlungshitze); fehlende oder unzureichende Luftzirkulation","https://meineplantage.de/cannabis-blattspitzen-braun/; https://meineplantage.de/cannabis-blaetter-rollen-sich-ein/; https://meineplantage.de/cannabis-gelbe-blaetter-bluete/; https://meineplantage.de/cannabis-krankheiten-erkennen/; https://meineplantage.de/cannabis-temperatur-optimieren/"
"hop-latent-viroid-hlvd","Hop Latent Viroid (HLVd)","Hop Latent Viroid","Krankheiten / Pilzbefall","Hochrelevantes, oft unterschätztes Viroid (""Dudding Disease""), das systemisch über Klone/Mutterpflanzen verbreitet wird und zu schleichendem Vitalitäts- und Ertragsverlust ohne eindeutiges Einzelsymptom führt.","gesamte Pflanze, systemisch","alle Phasen, Symptome oft erst nach mehreren Vermehrungszyklen deutlich","leicht reduzierte Wuchsgeschwindigkeit über mehrere Generationen von Klonen; leicht brückigere, dünnere Triebe als bei der Ausgangspflanze","Übertragung durch Werkzeuge (Scheren, Messer) zwischen Pflanzen ohne Desinfektion; Übertragung durch Wurzelkontakt in Hydro-Systemen oder dichten Pflanzungen; Erwerb bereits infizierter Klone/Genetik",""
"kaliummangel","Kaliummangel","Potassium Deficiency (K)","Naehrstoffmangel","Mobiler Makronährstoff-Mangel, typisch sind hellbraune bis gelbe, verbrannt wirkende Blattränder und -spitzen bei sonst grüner Blattmitte.","Blattränder und -spitzen älterer Blätter; gesamte Pflanze bei Fortschritt","Wachstumsphase; besonders kritisch in der Blüte","gelbe Punkte/Flecken an Blatträndern älterer Blätter; leichtes Aufwärtskrümmen der Blattränder","zu wenig Kalium im Dünger, besonders in der Blüte; Überdüngung mit anderen Nährstoffen blockiert K-Aufnahme (Antagonismus); zu hoher EC-Wert generell; Calcium- oder Magnesium-Überschuss verdrängt Kalium","https://meineplantage.de/kaliummangel-cannabis-erkennen/; https://meineplantage.de/cannabis-gelbe-blaetter-bluete/"
"kaliumueberschuss","Kaliumüberschuss","Potassium Excess","Naehrstoffueberschuss","Zu viel Kalium blockiert die Aufnahme von Calcium und Magnesium (Antagonismus) - sichtbar wird meist nicht der Kaliumüberschuss selbst, sondern ein induzierter Ca/Mg-Mangel.","neue Blätter (Ca-Mangel-Folge); ältere Blätter (Mg-Mangel-Folge)","Blüte (häufigste Phase wegen K-betonter Dünger)","interveinale Chlorose an alten Blättern wie bei Mg-Mangel; leichte Deformation neuer Blätter wie bei Ca-Mangel","zu hoch dosierter Blütendünger mit starkem K-Übergewicht; zu lange ausschliessliche Verwendung von PK-Boostern ohne Grunddünger-Ausgleich",""
"kaeltestress","Kältestress","Cold Stress","Umweltstress","Zu niedrige Temperaturen verlangsamen Stoffwechsel und Nährstoffaufnahme (v.a. Phosphor), sichtbar oft als lila-rote Verfärbung der Blattstiele und verlangsamtes Wachstum.","gesamte Pflanze, v.a. Blattstiele und Stängel","alle Phasen, v.a. Outdoor in kühleren Nachtphasen","leichte lila-rote Verfärbung der Blattstiele; leicht verlangsamtes Wachstum","zu niedrige Raumtemperatur, v.a. nachts oder bei fehlender Heizung; Outdoor-Anbau bei frühem Frost oder kühlen Herbstnächten; kaltes Giesswasser (siehe [[wassertemperatur-stress]]) als zusätzlicher Faktor","https://meineplantage.de/kaeltestress-cannabis/; https://meineplantage.de/cannabis-krankheiten-erkennen/; https://meineplantage.de/cannabis-temperatur-optimieren/"
"kondensation-taubildung-bluetenstaende","Kondensation/Taubildung an Blütenständen","Condensation on Buds","Temperatur / Luftfeuchtigkeit / VPD","Temperaturschwankungen (v.a. nachts oder bei Outdoor-Anbau) lassen Feuchtigkeit auf den Blütenständen kondensieren - eine direkte Vorstufe zu Botrytis, die als eigenständiges Risiko von echtem Bud Rot unterschieden werden sollte.","Blütenstände","Blütephase","sichtbare Wassertropfen/Feuchtigkeitsfilm auf und in den Blütenständen, v.a. morgens oder nach Temperaturabfall","starke Temperaturschwankungen zwischen Tag und Nacht; unzureichende Luftzirkulation innerhalb dichter Blütenstände; Outdoor-Anbau mit Nächten nahe dem Taupunkt","https://meineplantage.de/cannabis-regenschutz-outdoor/; https://meineplantage.de/cannabis-schimmel-regen/"
"larfy-popcorn-buds","Larfy/Popcorn-Buds","Larfy/Popcorn Buds","Bluete-/Ernteprobleme","Kleine, lockere, unterentwickelte Blütenstände v.a. in unteren, schlecht belichteten Pflanzenbereichen - meist eine Folge von Lichtmangel statt einer eigenständigen Krankheit.","untere Blütenstände","Blütephase","untere Blütenstände entwickeln sich sichtbar langsamer und lockerer als die oberen","unzureichende Lichtintensität in unteren Pflanzenbereichen (Beschattung durch oberes Blätterdach); ungleichmässiges Blätterdach nach SCRoG/Mainlining-Fehlern (siehe [[ungleichmässiges-blätterdach-scrog-mainlining]]); zu hohe Pflanzendichte mit gegenseitiger Beschattung",""
"leaf-septoria","Leaf Septoria (Septoria-Blattflecken)","Septoria Leaf Spot","Krankheiten / Pilzbefall","Pilzkrankheit mit runden, gelb-braun geränderten Flecken meist an unteren, älteren Blättern, die sich bei Feuchtigkeit ausbreitet und zu fortschreitendem Blattverlust von unten nach oben führt.","untere, ältere Blätter zürst","alle Phasen, v.a. Outdoor bei feuchter Witterung","kleine runde, gelblich-braune Flecken mit etwas dunklerem Rand auf unteren Blättern","feuchte Witterung, v.a. bei Outdoor-Anbau; Pilzsporen aus dem Vorjahr im Boden oder von befallenen Pflanzenresten; schlechte Luftzirkulation im unteren Pflanzenbereich",""
"lichtverbrennung-light-burn","Lichtverbrennung (Light Burn)","Light Burn","Lichtstress","Zu geringer Abstand zur Lampe oder zu hohe Lichtintensität verursacht Verbrennung an den obersten, der Lampe am nächsten stehenden Blättern - charakteristisch ist die Konzentration auf die Spitze des Blätterdachs.","oberste Blätter und Blütenstände, nächste an der Lampe","alle Phasen, v.a. unter LED mit hoher Intensität","gelbliche bis bleiche Verfärbung der obersten Blattspitzen, am nächsten zur Lampe; leicht nach oben gewölbte Blätter (Richtung Licht)","zu geringer Abstand zwischen Lampe und Blätterdach; zu hohe Lichtintensität für die Wachstumsphase/Sortentoleranz; ungleichmässiges Wachstum mit einzelnen Spitzen, die zu nah an die Lampe heranwachsen","https://meineplantage.de/cannabis-led-lichtverbrennung-erkennen/; https://meineplantage.de/cannabis-krankheiten-erkennen/"
"luftfeuchtigkeit-zu-niedrig","Luftfeuchtigkeit zu niedrig","Humidity Too Low","Temperatur / Luftfeuchtigkeit / VPD","Eigenständiges Klimaproblem unabhängig von VPD-Berechnung - sehr trockene Luft führt zu Tip Burn und schnellem Substrat-Austrocknen, besonders kritisch bei jungen Pflanzen/Stecklingen.","Blattspitzen; gesamte Pflanze, v.a. Stecklinge/Keimlinge","alle Phasen, kritisch in der Steckling-/Keimlingsphase","leicht trockene, knusprige Blattspitzen ohne sonstige Mangelsymptome; schnelleres Austrocknen des Substrats als erwartet","zu trockene Raumluft, v.a. in beheizten Räumen im Winter; fehlende Luftbefeuchtung im Anbauraum; bei Stecklingen: kein Feuchtigkeitszelt/keine Abdeckung während der Bewurzelungsphase","https://meineplantage.de/luftfeuchtigkeit-cannabis-anbau/"
"magnesiummangel","Magnesiummangel","Magnesium Deficiency (Mg)","Naehrstoffmangel","Mobiler Sekundärnährstoff-Mangel mit dem klassischsten alle Mangelbilder: interveinale Chlorose an alten Blättern, Adern bleiben deutlich grün.","untere, ältere Fanblätter","Wachstumsphase; Blüte","gelbe Bereiche zwischen den Blattadern an unteren Blättern; Blattadern selbst bleiben deutlich grün","zu wenig Magnesium im Dünger oder Substrat; zu hartes/zu weiches Wasser ohne Mg-Anteil; Kalium- oder Calcium-Überschuss verdrängt Mg-Aufnahme (Antagonismus); zu niedriger pH-Wert","https://meineplantage.de/fleckige-cannabis-blaetter/; https://meineplantage.de/cannabis-gelbe-blaetter-bluete/; https://meineplantage.de/cannabis-krankheiten-erkennen/"
"mangantoxizitaet","Mangan-Toxizität","Manganese Toxicity","Naehrstoffueberschuss","Seltene Toxizität bei zu niedrigem pH oder Überdosierung von Mikronährstoff-Mixen, zeigt sich als dunkle Flecken mit chlorotischem Hof an älteren bis mittleren Blättern.","mittlere bis ältere Blätter","Wachstumsphase","kleine dunkle Flecken mit leicht gelblichem Hof auf mittleren Blättern","zu niedriger pH-Wert; Überdosierung eines Mikronährstoff-Komplexpräparats",""
"manganmangel","Manganmangel","Manganese Deficiency (Mn)","Naehrstoffmangel","Immobiler Mikronährstoff-Mangel, sieht Eisenmangel sehr ähnlich (interveinale Chlorose an mittleren/neuen Blättern), oft begleitet von kleinen braunen Prünkeln.","mittlere bis neue Blätter","Wachstumsphase; Blüte","interveinale Chlorose an mittleren/neuen Blättern; kleine braune Sprenkel/Punkte verteilt im chlorotischen Bereich","zu hoher pH-Wert blockiert Mn-Aufnahme; Eisen-Überschuss verdrängt Mangan (Antagonismus); sehr seltene echte Mn-Armut im Substrat",""
"minierfliegen","Minierfliegen","Leaf Miners","Schaedlinge","Larven kleiner Fliegen, die sich INNERHALB des Blattgewebes fressen und dabei charakteristische, geschlängelte helle Gänge (Minen) im Blatt hinterlassen.","Blattinneres","alle Phasen","dünne, geschlängelte helle Linien/Gänge sichtbar innerhalb der Blattfläche","adulte Minierfliegen legen Eier in das Blattgewebe, aus denen die minierenden Larven schlüpfen; häufiger bei Outdoor-Anbau oder in der Nähe befallener anderer Pflanzen",""
"naehrstoffbrand-ueberduengung","Nährstoffbrand / Überdüngung","Nutrient Burn / Overfertilization","Naehrstoffueberschuss","Generelle Überdosierung mehrerer Nährstoffe gleichzeitig - im Gegensatz zu Einzelmangel verbrennen Spitzen an JUNGEN UND ALTEN Blättern gleichzeitig.","Blattspitzen aller Etagen; Blattränder","Wachstumsphase; Blüte","gelbe bis braune Verfärbung der äussersten Blattspitzen, an mehreren Etagen gleichzeitig; Blätter wirken insgesamt sehr dunkelgrün","zu hohe Dünger-Gesamtkonzentration (EC zu hoch); mehrere Düngerprodukte gleichzeitig ohne Reduktion der Einzeldosis kombiniert; zu häufige Düngung ohne Phasen mit klarem Wasser","https://meineplantage.de/cannabis-ueberduengung/; https://meineplantage.de/cannabis-blattspitzen-braun/"
"ph-lockout","pH-Lockout","pH Nutrient Lockout","pH-/EC-Probleme","Der pH-Wert liegt so weit ausserhalb des optimalen Bereichs, dass mehrere Nährstoffe gleichzeitig blockiert werden - Leitsymptom ist ein gemischtes, nicht eindeutiges Mangelbild an mehreren Blattetagen.","mehrere Blattetagen gleichzeitig","alle Phasen","mehrere leichte, unterschiedliche Mangelsymptome gleichzeitig statt eines klaren Einzelbilds; allgemein verlangsamtes Wachstum trotz korrekter Düngung","pH-Wert dauerhaft ausserhalb 6.0-7.0 (Erde) bzw. 5.5-6.5 (Hydro/Coco); falsch kalibrierter oder defekter pH-Messer; keine regelmässige pH-Kontrolle des Substrats/der Nährlösung","https://meineplantage.de/ph-wert-cannabis-einstellen/; https://meineplantage.de/cannabis-blaetter-rollen-sich-ein/"
"ph-zu-niedrig","pH-Wert zu niedrig","pH Too Low (Acidic)","pH-/EC-Probleme","Ein zu saures Substrat/Nährlösung (unter 5.5-6.0) macht Mikronährstoffe wie Eisen und Mangan überverfügbar (Toxizitätsrisiko) und blockiert gleichzeitig Calcium, Magnesium und Phosphor.","gesamte Pflanze, je nach blockiertem Nährstoff unterschiedlich","alle Phasen","leichte Mischsymptome aus Ca/Mg-Mangel und ggf. beginnende Fe/Mn-Toxizität; allgemein verlangsamtes Wachstum","Verwendung stark saurer Dünger ohne pH-Pufferung; zu aggressive pH-Down-Korrektur ohne Zwischenmessung; natürlich saures Substrat (z.B. reiner Torf) ohne Kalk-Ausgleich","https://meineplantage.de/ph-wert-cannabis-einstellen/"
"phosphormangel","Phosphormangel","Phosphorus Deficiency (P)","Naehrstoffmangel","Mobiler Makronährstoff-Mangel mit charakteristischer Lila/Rotfärbung an Blattstielen und -unterseiten, oft mit dunkelgrüner bis bläulicher Blattfarbe.","untere und mittlere Blätter; Blattstiele; Stängel","Wachstumsphase; besonders kritisch in der Blüte (P-Bedarf steigt)","dunkelgrüne, fast bläuliche Blattfarbe; rote/lila Verfärbung der Blattstiele und -unterseiten; leicht verlangsamtes Wachstum","zu niedriger Phosphoranteil im Dünger; zu kalte Wurzelzone (unter 18 Grad, P-Aufnahme stark temperaturabhängig); pH-Wert ausserhalb 6.0-7.0 (Erde) bzw. 6.0-6.5 (Hydro); genetisch bedingte Lila-Färbung bei manchen Sorten (Verwechslungsgefahr!)","https://meineplantage.de/phosphormangel-cannabis-symptome/; https://meineplantage.de/cannabis-gelbe-blaetter-bluete/; https://meineplantage.de/cannabis-krankheiten-erkennen/"
"photobleaching","Photobleaching (Lichtbleichung)","Photobleaching","Lichtstress","Extreme Lichtintensität zerstört Chlorophyll schneller als die Pflanze es nachbilden kann - im Unterschied zur Lichtverbrennung wird das Blattgewebe nicht braun, sondern komplett weiss/bleich, ohne abzusterben.","oberste Blätter und Blütenstände","v.a. Blütephase unter sehr intensiven LED-Systemen","weisslich-blasse, fast durchscheinende Färbung der obersten Blattbereiche","extrem hohe Lichtintensität (deutlich über dem für die Sorte/Phase empfohlenen PPFD-Wert), typisch bei modernen Hochleistungs-LEDs ohne ausreichenden Abstand","https://meineplantage.de/licht-cannabis-spektrum-beleuchtungsdauer/"
"pythium-wurzelfaeule","Pythium-Wurzelfäule","Pythium Root Rot","Wurzelprobleme","Wasserschimmel-Erreger, der in dauerhaft nassem, sauerstoffarmem Substrat Wurzeln braun und schleimig zerfallen lässt - oberirdisch zeigt sich plötzliches Welken trotz feuchtem Substrat.","Wurzeln; gesamte Pflanze (Folgesymptome)","alle Phasen, besonders Hydro/Coco-Systeme","leichtes Welken trotz feuchtem Substrat; leicht verlangsamtes Wachstum","dauerhaft zu nasses, sauerstoffarmes Substrat; zu hohe Nährlösungstemperatur in Hydro-Systemen (über 24 Grad fördert Pythium); kontaminiertes Equipment/Wasser","https://meineplantage.de/pythium-cannabis-wurzel/; https://meineplantage.de/cannabis-krankheiten-erkennen/"
"raupen-eulenfalter","Raupen / Eulenfalter-Larven","Caterpillars / Budworms","Schaedlinge","Grössere Insektenlarven (v.a. Outdoor), die sichtbare, unregelmässige Frasslöcher in Blätter und teils direkt in Blütenstände fressen - bei Blütenbefall (""Budworm"") besonders kritisch, da Fraßgänge Botrytis-Eintrittspforten schaffen.","Blätter; Blütenstände bei Budworm-Befall","alle Phasen, v.a. Outdoor-Anbau in der Blüte","unregelmässige, grössere Frasslöcher in Blättern; sichtbarer Kot (kleine dunkle Kotkrumel) auf Blättern oder in Blütenständen","Eiablage durch Nachtfalter (Eulenfalter), v.a. bei Outdoor-Anbau; fehlender Schutz durch Kulturschutznetze",""
"revegetation-reveg","Revegetation (Reveg)","Revegetation","Wachstums- und Trainingsprobleme","Eine Pflanze in der Blüte kehrt durch einen Lichtfehler (z.B. versehentliche Verlängerung der Lichtstunden) zurück in vegetatives Wachstum - sichtbar an neuen, normalen Fanblättern direkt aus Blütenständen heraus.","Blütenstände; neue Triebe aus Blütenständen","Blütephase","einzelne neue, normal geformte Fanblätter wachsen direkt aus einem Blütenstand heraus","versehentliche Unterbrechung des Dunkelzyklus (Lichtleck) während der Blüte; fehlerhafte Zeitschaltuhr-Einstellung, die wieder auf einen Langtag-Zyklus zurückfällt; Stress-bedingte hormonelle Verschiebung bei extremen Umweltbedingungen",""
"samenbildung-in-buds","Samenbildung in Buds","Seeded Buds","Bluete-/Ernteprobleme","Folge von Bestäubung (durch eigene Stressbananen, eine übersehene männliche Pflanze oder Pollenflug von aussen) - sichtbar als sich entwickelnde Samen innerhalb der Blütenkelche statt reiner Blütenmasse.","Blütenstände, innerhalb der Kelche","mittlere bis späte Blüte","einzelne Blütenkelche wirken leicht geschwollen/verdickt im Vergleich zu unbefruchteten Kelchen","eigene unentdeckte Stressbananen/Zwitterbildung; übersehene männliche Pflanze in der Nähe; Pollenflug von aussen, v.a. bei Outdoor-Anbau oder offenen Fenstern",""
"sauerstoffmangel-wurzelzone","Sauerstoffmangel in der Wurzelzone","Root Zone Oxygen Deficiency","Umweltstress","Zu wenig Sauerstoff im Substrat oder in der Nährlösung (oft durch Verdichtung oder fehlende Belüftung) hemmt die Wurzelatmung und damit die Nährstoffaufnahme.","Wurzeln; gesamte Pflanze (Folgesymptome)","alle Phasen, kritisch in Hydro/DWC-Systemen","leicht verlangsamtes Wachstum trotz korrekter Nährstoffversorgung; leichtes Welken trotz feuchtem Substrat","stark verdichtetes oder zu feinkörniges Substrat ohne Luftporenanteil (z.B. zu hoher Lehmanteil); fehlende oder unzureichende Belüftung/Luftpumpe in Hydro-/DWC-Systemen; chronische Überwässerung verdrängt Luft aus den Substratporen",""
"schildlaeuse","Schildläuse","Scale Insects","Schaedlinge","Stationäre, unter einer harten oder weichen Schutzschicht verborgene Insekten, die sich meist an Stängeln und Blattadern festsetzen und dort dauerhaft saugen.","Stängel; Blattadern; Blattunterseiten","alle Phasen","kleine, runde bis ovale, leicht erhabene bräunliche oder graue Schildchen entlang von Stängeln oder Blattadern","Einschleppung durch befallene Pflanzen; häufiger bei Mutterpflanzen/Langzeitkulturen, die selten komplett erneuert werden",""
"schimmel-waehrend-trocknung","Schimmel während der Trocknung","Mold During Drying","Bluete-/Ernteprobleme","Anders als Bud Rot an der lebenden Pflanze entsteht dieser Schimmel nach der Ernte durch zu hohe Luftfeuchtigkeit oder zu dichte Aufhängung während des Trocknungsprozesses.","geerntete, trocknende Blütenstände","nach der Ernte, Trocknungsphase","einzelne Stellen im Inneren dichter Blütenstände fühlen sich beim Trocknen weiterhin feucht/weich an; leicht modriger Geruch in einzelnen Bereichen des Trocknungsraums","zu hohe Luftfeuchtigkeit im Trocknungsraum (Zielbereich meist 45-55% RH); zu dichtes Aufhängen der Blütenstände ohne ausreichenden Abstand; unzureichende Luftzirkulation im Trocknungsraum","https://meineplantage.de/cannabis-trockenraum-einrichten/; https://meineplantage.de/cannabis-trocknungsfehler-vermeiden/"
"schlechte-trichom-entwicklung","Schlechte Trichom-Entwicklung","Poor Trichome Development","Bluete-/Ernteprobleme","Die Blütenstände entwickeln insgesamt weniger und kleinere Trichome als bei der Genetik zu erwarten - meist eine Kombination aus Licht-, Nährstoff- und Klimafaktoren in der späten Blüte statt einer Einzelursache.","Blütenstände, Trichom-Schicht","mittlere bis späte Blüte","Blütenstände wirken im Vergleich zu Referenzbildern der Sorte weniger ""glitzernd""/bereift; Trichome erscheinen sparlich oder kleiner als erwartet","unzureichende Lichtintensität/falsches Spektrum in der Spätblüte; suboptimale Temperatur (zu hoch reduziert oft die Trichomproduktion) in der späten Blüte; unzureichende PK-Versorgung in der Hauptblüte; genetische Sorteneigenschaft (manche Phänotypen sind grundsätzlich trichomärmer)",""
"schwefelmangel","Schwefelmangel","Sulfur Deficiency (S)","Naehrstoffmangel","Seltener, eher immobiler Mangel mit gleichmässiger Vergilbung wie Stickstoff, aber an NEUEN/oberen Blättern statt unten - leicht zu verwechseln.","neue, obere Blätter; Triebspitzen","Wachstumsphase","leichte gleichmässige Aufhellung der neuen, obersten Blätter; Blattadern bleiben anfangs leicht grüner als die Fläche","extrem schwefelarmes Substrat oder Wasser; Verwendung von schwefelfreien Reinst-Düngern über lange Zeit; sehr seltene Ursache, meist andere Mangel zürst ausschliessen","https://meineplantage.de/schwefelmangel-cannabis-erkennen/"
"spinnmilben","Spinnmilben","Spider Mites","Schaedlinge","Winzige Spinnentiere, die feine helle Sprenkel (Stippling) auf der Blattoberseite verursachen und bei starkem Befall feine Gespinste zwischen Blättern und Trieben spinnen.","Blattoberseite und -unterseite; Blattachseln bei starkem Befall","alle Phasen, v.a. trockene warme Bedingungen","feine, helle Sprenkel (kleine weisse/gelbliche Pünktchen) verteilt auf der Blattoberseite","Einschleppung durch befallene Pflanzen, Kleidung oder Aussenluft; warme, trockene Raumbedingungen (niedrige Luftfeuchtigkeit) fördern explosionsartige Vermehrung","https://meineplantage.de/spinnmilben-bekaempfen-cannabis/; https://meineplantage.de/cannabis-weisse-punkte-blaetter/; https://meineplantage.de/cannabis-krankheiten-erkennen/"
"stickstoffmangel","Stickstoffmangel","Nitrogen Deficiency (N)","Naehrstoffmangel","Mobiler Makronährstoff-Mangel. Pflanze verlagert Stickstoff aus alten in neue Blätter, dadurch beginnt Vergilbung immer unten und wandert nach oben.","untere Blätter; ältere Fanblätter; gesamte Pflanze bei Fortschritt","Wachstumsphase; frühe Blüte (normal, da N-Bedarf sinkt)","gleichmässige Vergilbung der untersten, ältesten Blätter; Blattadern vergilben mit (kein Unterschied wie bei Mg/Fe); hellgrüne Gesamtfarbe der Pflanze","zu wenig oder kein Stickstoffdünger; ausgelaugtes Substrat ohne Nachdüngung; zu niedriger pH-Wert blockiert N-Aufnahme; normale späte Blütephase (physiologisch korrekt)","https://meineplantage.de/outdoor-cannabis-probleme-erkennen/; https://meineplantage.de/cannabis-mangel-erkennen-uebersicht/; https://meineplantage.de/cannabis-gelbe-blaetter-bluete/; https://meineplantage.de/cannabis-krankheiten-erkennen/"
"stickstoffueberschuss","Stickstoffüberschuss","Nitrogen Excess/Toxicity","Naehrstoffueberschuss","Zu viel Stickstoff führt zu dunkelgrünen, glänzenden, klauenartig nach unten gekrümmten Blättern und verzögertem Blütebeginn.","gesamte Pflanze; Blattspitzen","Wachstumsphase; Übergang zur Blüte","sehr dunkelgrüne, fast glänzende Blattfarbe; leichtes Abwärtskrümmen der Blattspitzen (""Klauen"")","zu hohe N-Dosierung im Wachstumsdünger; zu spätes Umstellen auf Blütendünger; Überdüngung mit organischem Stickstoffdünger (Guano, Hornspäne)","https://meineplantage.de/cannabis-krallenblaetter-ursache/"
"thripse","Thripse","Thrips","Schaedlinge","Winzige, länglich-schlanke Insekten, die an der Blattoberfläche saugen und silbrig-glänzende Fraßspuren mit kleinen schwarzen Kotpunkten hinterlassen.","Blattoberseite; Blüten bei starkem Befall","alle Phasen","feine silbrig-glänzende Streifen/Flecken auf der Blattoberseite; kleine schwarze Kotpunkte verteilt auf dem Blatt","Einschleppung durch befallene Pflanzen oder offene Fenster/Outdoor-Nähe; warme, trockene Bedingungen fördern die Vermehrung","https://meineplantage.de/cannabis-schaedlinge-erkennen/; https://meineplantage.de/thripse-cannabis-erkennen/; https://meineplantage.de/cannabis-krankheiten-erkennen/"
"topping-fim-trainingsfehler","Topping/FIM-Trainingsfehler","Topping/FIM Mistakes","Wachstums- und Trainingsprobleme","Falsch ausgeführtes Topping oder FIM (z.B. zu später Zeitpunkt, falscher Schnittpunkt) führt zu unerwünschten Wuchsformen wie nur einem statt zwei neuen Trieben oder verzögerter Regeneration.","Schnittstelle; neue Triebe an der Schnittstelle","direkt nach der Massnahme, Wachstumsphase","an der Schnittstelle bildet sich nur EIN neuer Trieb statt der erwünschten zwei (bei Topping) oder gar keiner; verzögerte Reaktion über mehr als 1-2 Wochen","Schnitt zu tief oder zu hoch am falschen Blattknoten angesetzt; FIM nicht präzise genug ausgeführt (zu viel oder zu wenig Gewebe entfernt); Topping nach Blütebeginn statt in der Wachstumsphase; Pflanze zu jung/schwach für die Massnahme",""
"trainingsstress","Trainingsstress (LST/Topping/Defoliation falsch ausgeführt)","Training Stress","Umweltstress","Falsch dosierte oder zum falschen Zeitpunkt durchgeführte Trainingstechniken (zu starkes Entlauben, Topping in der Blüte, zu aggressives LST) überlasten die Pflanze kurzfristig.","gesamte Pflanze; betroffene Schnitt-/Biegestellen","direkt nach Trainingsmassnahme, alle Phasen","leichtes Welken der behandelten Bereiche kurz nach der Massnahme; vorübergehender Wachstumsstillstand","zu starke Entlaubung (mehr als 20-30% der Blattmasse auf einmal); Topping/FIM zu spät (nach Blütebeginn) oder zu häufig; zu aggressives LST ohne ausreichende Erholungspausen zwischen den Biegungen","https://meineplantage.de/cannabis-stecklinge-schneiden-und-bewurzeln/"
"transplantationsschock","Transplantationsschock","Transplant Shock","Wurzelprobleme","Vorübergehender Stress nach dem Umtopfen durch Wurzelverletzung und veränderte Bedingungen - zeigt sich als kurzes Welken/Wachstumsstillstand, der sich innerhalb weniger Tage von selbst erholt.","gesamte Pflanze","direkt nach dem Umtopfen, alle Wachstumsphasen","leichtes, gleichmässiges Welken kurz nach dem Umtopfen; Wachstum pausiert für einige Tage","Wurzelverletzung beim Umtopfen; plötzlicher Wechsel von Substrat, Licht oder Klima beim Umtopfen; zu grosser Topfsprung (z.B. direkt von sehr kleinem in sehr grossen Topf)","https://meineplantage.de/cannabis-umtopfen/"
"trauermuecken","Trauermuecken","Fungus Gnats","Schaedlinge","Kleine schwarze Fliegen, deren Larven im feuchten Substrat Wurzelhaare und organisches Material fressen - adulte Tiere fliegen oft um die Pflanze, Larvenschäden zeigen sich als diffuses Wachstumsdefizit.","Wurzelhaare; Substratoberfläche","alle Phasen, v.a. bei dauerhaft feuchtem Substrat","kleine schwarze Fliegen, die beim Giessen oder bei Berührung des Substrats aufsteigen; leicht verlangsamtes Wachstum","dauerhaft zu feuchte Substratoberfläche; organisches Material (z.B. abgestorbene Pflanzenteile) im Substrat als Nahrungsquelle für Larven","https://meineplantage.de/trauermuecken-cannabis-larven-bekaempfen/; https://meineplantage.de/cannabis-krankheiten-erkennen/"
"ueberwaesserung","Überwässerung","Overwatering","Bewaesserungsprobleme","Zu häufiges oder zu reichliches Giessen verdrängt Sauerstoff aus dem Substrat - sichtbar als hängende, schlaff wirkende Blätter trotz nassem Substrat, oft mit dunkleren, leicht aufgequollenen Blattflächen.","Wurzeln; gesamte Pflanze","alle Phasen","Blätter hängen schlaff trotz nassem Substrat; Substrat fühlt sich durchgehend nass an, trocknet kaum ab","zu häufiger Giessrhythmus ohne Berücksichtigung der tatsächlichen Substrattrocknung; zu grosser Topf im Verhältnis zur Pflanzengrösse (hält Feuchtigkeit länger); schlechte Drainage des Substrats/Topfes","https://meineplantage.de/cannabis-ueberwaessert-was-tun/; https://meineplantage.de/cannabis-indoor-anbau-anleitung/; https://meineplantage.de/cannabis-blattspitzen-braun/; https://meineplantage.de/cannabis-blaetter-rollen-sich-ein/; https://meineplantage.de/cannabis-gelbe-blaetter-bluete/"
"ungleichmaessiges-blaetterdach-scrog-mainlining","Ungleichmässiges Blätterdach nach SCRoG/Mainlining-Fehlern","Uneven Canopy After SCRoG/Mainlining Errors","Wachstums- und Trainingsprobleme","Fehler beim Aufbau eines SCRoG-Netzes oder bei der Mainlining-Aufteilung führen zu ungleicher Lichtverteilung - manche Blütenstände werden überentwickelt, andere bleiben im Schatten zurück.","untere/beschattete Blütenstände; Gesamtstruktur des Blätterdachs","Blütephase, Ursache liegt in vorheriger Trainingsphase","einige Bereiche des Blätterdachs liegen sichtbar höher/näher am Licht als andere; erste Anzeichen von ungleichem Blütenstand-Wachstum","ungleichmässige Verteilung der Zweige im SCRoG-Netz während der Trainingsphase; asymmetrische Mainlining-Aufteilung mit ungleich starken Haupttrieben; fehlende Nachkorrektur des Netzes/der Triebführung während des weiteren Wachstums",""
"unregelmaessige-bewaesserung","Unregelmässige Bewässerung","Inconsistent Watering","Bewaesserungsprobleme","Ständiger Wechsel zwischen zu trocken und zu nass stresst die Wurzeln stärker als durchgehend gleichmässige Unter- oder Überwässerung - typisch sind wechselnde, scheinbar widersprüchliche Symptome.","gesamte Pflanze; Wurzeln","alle Phasen","Blätter wechseln zwischen leicht hängend (zu trocken) und leicht hängend-glänzend (zu nass) im Tagesverlauf/zwischen Giessgängen; unregelmässiges, ruckartiges Wachstum","kein fester Giessrhythmus, Giessen ""nach Gefühl"" statt nach Substratfeuchte-Messung; stark wechselnde Topfgrösse zur Pflanzengrösse (zu grosser Topf trocknet ungleichmässig); unterschiedliche Personen giessen ohne Abstimmung","https://meineplantage.de/cannabis-richtig-giessen/"
"unterwaesserung","Unterwässerung","Underwatering","Bewaesserungsprobleme","Zu seltenes oder zu wenig Giessen führt zu trockenem Substrat und welken, schlaffen Blättern - im Unterschied zur Überwässerung erholen sich die Blätter sichtbar schnell nach dem nächsten Giessen.","gesamte Pflanze","alle Phasen","Blätter hängen schlaff, Substrat fühlt sich trocken bis staubtrocken an; Topf wirkt beim Anheben auffällig leicht","zu seltener oder zu knapper Giessrhythmus; zu kleiner Topf im Verhältnis zur Pflanzengrösse (siehe [[wurzelverdichtung-topfgebunden]]); sehr trockene Raumluft, die das Substrat zusätzlich schneller austrocknet","https://meineplantage.de/cannabis-richtig-giessen/; https://meineplantage.de/cannabis-blaetter-rollen-sich-ein/"
"verticillium-welke","Verticillium-Welke","Verticillium Wilt","Krankheiten / Pilzbefall","Seltene, aber aggressive systemische Pilzkrankheit mit ähnlichem Erscheinungsbild wie Fusarium-Welke - typisch ist fortschreitendes Welken von unten nach oben mit gelblich-bronzefarbener Verfärbung der unteren Blätter vor dem Welken.","Leitgewebe; untere Blätter zürst, dann aufsteigend","alle Phasen","gelblich-bronzefarbene Verfärbung der untersten Blätter, kurz vor dem Welken","Pilzinfektion über kontaminiertes Substrat, oft aus vorbelasteten Böden/Outdoor-Standorten; sehr widerstandsfähiger Erreger, der lange im Boden überleben kann",""
"vorzeitige-bluete-autoflower-stress","Vorzeitige Blüte bei Autoflowers durch Stress","Premature Flowering in Autoflowers (Stress-Induced)","Bluete-/Ernteprobleme","Autoflowering-Sorten blühen altersgesteuert, können aber durch starken frühen Stress (Transplantation, Trainingsfehler) verfrüht und mit insgesamt kleinerer Pflanzenstruktur in die Blüte übergehen.","gesamte Pflanze","Übergang Wachstum zu Blüte bei Autoflowers","erste Blütenansätze deutlich früher als für die Sortenbeschreibung erwartet; insgesamt kleinere Pflanzengrösse zum Zeitpunkt des Blütebeginns","starker Transplantationsschock bei spätem/grobem Umtopfen; aggressives Training (starke Entlaubung, Topping) zu fruh in der Wachstumsphase; Wurzelschäden durch Schädlinge oder mechanische Verletzung",""
"vpd-zu-hoch","VPD zu hoch","VPD Too High","Temperatur / Luftfeuchtigkeit / VPD","Ein zu hoher Dampfdruckdefizit-Wert (z.B. durch hohe Temperatur kombiniert mit niedriger Luftfeuchtigkeit) zwingt die Pflanze zu übermässiger Transpiration - sichtbar als Spitzenverbrennung trotz korrekter Düngung.","Blattspitzen und -ränder; gesamte Pflanze","alle Phasen","leichtes Aufwärtskrümmen der Blattränder (Taco-Form); leicht trockene, fast spitze Blattspitzen","Kombination aus zu hoher Temperatur und zu niedriger relativer Luftfeuchtigkeit; fehlende oder falsch eingestellte Klimasteuerung im Anbauraum","https://meineplantage.de/luftfeuchtigkeit-cannabis-anbau/"
"vpd-zu-niedrig","VPD zu niedrig","VPD Too Low","Temperatur / Luftfeuchtigkeit / VPD","Ein zu niedriger VPD-Wert (z.B. durch hohe Luftfeuchtigkeit bei niedriger Temperatur) lässt die Stomata schliessen - die Pflanze nimmt kaum noch CO2 auf, Wachstum stagniert trotz optimaler sonstiger Bedingungen.","gesamte Pflanze","alle Phasen, kritisch in der Blüte (zusätzliches Botrytis-Risiko)","allgemein verlangsamtes Wachstum trotz optimaler Licht- und Nährstoffbedingungen; Blätter wirken leicht schlaff-feucht, ohne zu welken","zu hohe relative Luftfeuchtigkeit kombiniert mit zu niedriger Temperatur; schlechte Luftzirkulation, die Feuchtigkeit an der Pflanze stauen lässt","https://meineplantage.de/luftfeuchtigkeit-cannabis-anbau/"
"wachstumsstagnation-sammeldiagnose","Wachstumsstagnation (Sammeldiagnose)","Growth Stagnation (Umbrella Diagnosis)","Wachstums- und Trainingsprobleme","Übergeordnete Einstiegsdiagnose für ""die Pflanze wächst einfach nicht"" ohne sofort erkennbares Einzelsymptom - dient als Wizard-Einstiegspunkt, der zu spezifischeren Diagnosen (Wurzel, Licht, Nährstoff, Klima) weiterleitet.","gesamte Pflanze","alle Phasen","allgemein langsameres Wachstum als erwartet, ohne spezifisches Blattsymptom","kann praktisch JEDE andere Diagnose dieser Datenbank als zugrunde liegende Ursache haben: Wurzelverdichtung, pH-Lockout, Lichtmangel/Etiolation, CO2-Mangel, Sauerstoffmangel, Nährstoffmangel im frühen, noch unspezifischen Stadium","https://meineplantage.de/cannabis-wachstum-stagniert/"
"wassertemperatur-stress","Wassertemperatur-Stress","Water Temperature Stress","Bewaesserungsprobleme","Zu kaltes Giesswasser (direkt aus der Leitung, unter 18 Grad) stresst die Wurzeln und kann sich wie eine Mischung aus Kältestress und Phosphormangel zeigen, ohne dass die Raumtemperatur das Problem ist.","Wurzeln; gesamte Pflanze indirekt","alle Phasen","leichte Wachstumsverzögerung direkt nach dem Giessen mit kaltem Wasser; gelegentlich leichte Lila-Verfärbung an Blattstielen (P-Aufnahme sinkt bei Kälte)","Giesswasser wird direkt und ungekühlt aus einer kalten Leitung entnommen; besonders im Winter/bei kalter Wasserzufuhr ohne Zwischenlagerung auf Raumtemperatur","https://meineplantage.de/cannabis-richtig-giessen/"
"weisse-fliegen","Weisse Fliegen","Whiteflies","Schaedlinge","Kleine, weisse, mottenartige Insekten, die bei Berührung der Pflanze in Schwärmen auffliegen - Saugschäden ähneln Blattläusen, aber das Schwarmverhalten ist das eindeutigste Erkennungsmerkmal.","Blattunterseiten","alle Phasen","kleine weisse Insekten fliegen beim Berühren/Schütteln der Pflanze in einem Schwarm auf; leichte gelbliche Sprenkelung auf Blattoberseiten durch Saugschäden","Einschleppung durch befallene Pflanzen; warme Bedingungen fördern schnelle Vermehrung","https://meineplantage.de/cannabis-schaedlinge-erkennen/; https://meineplantage.de/weisse-fliege-cannabis-bekaempfen/; https://meineplantage.de/cannabis-krankheiten-erkennen/"
"windbrand","Windbrand","Wind Burn","Umweltstress","Zu starker, direkter Luftstrom (Ventilator Indoor oder Wind Outdoor) verursacht mechanischen Austrocknungsstress an den am stärksten exponierten Blättern - unabhängig vom Blattalter, anders als Nährstoffmangel.","exponierte Randblätter, unabhängig vom Alter","alle Phasen","trockene, leicht knusprige Ränder an den dem Luftstrom am stärksten ausgesetzten Blättern","Ventilator zu nah und zu direkt auf die Pflanze gerichtet (Indoor); starker, ungeschützter Wind am Standort (Outdoor)","https://meineplantage.de/cannabis-windschaeden-symptome/; https://meineplantage.de/cannabis-blattspitzen-braun/"
"wollaeuse","Wolläuse","Mealybugs","Schaedlinge","Kleine, stationäre Insekten, die mit einer auffälligen weissen, wachsartig-wolligen Schicht bedeckt sind und sich oft in Blattachseln und an Stengelknoten ansammeln.","Blattachseln; Stengelknoten; Blattunterseiten","alle Phasen","kleine weisse, wattige/wollige Klumpen in Blattachseln oder an Stengelknoten","Einschleppung durch befallene Pflanzen; warme, etwas geschützte Mikroklimate (Blattachseln) fördern die Ansiedlung","https://meineplantage.de/wolllaeuse-cannabis-bekaempfen/"
"wurzellaeuse","Wurzelläuse","Root Aphids","Wurzelprobleme","Schädlinge, die im Substrat an den Wurzeln saugen - oberirdisch zeigt sich ein diffuses Vergilben und Welken, das an Nährstoffmangel erinnert, aber nicht auf Düngung reagiert.","Wurzeln; gesamte Pflanze (Folgesymptome)","alle Phasen","leichtes, diffuses Vergilben älterer Blätter ohne klares Muster; leicht verlangsamtes Wachstum","Einschleppung durch kontaminiertes Substrat oder benachbarte befallene Pflanzen; günstige Bedingungen (warme, feuchte Substratoberfläche) fördern die Vermehrung",""
"wurzelverdichtung-topfgebunden","Wurzelverdichtung / Topfgebunden","Root Bound","Wurzelprobleme","Die Pflanze ist im Verhältnis zur Topfgrösse zu weit gewachsen, Wurzeln drehen sich am Topfrand im Kreis - sichtbar als Wachstumsstillstand trotz korrekter Pflege.","Wurzeln; gesamte Pflanze (Folge)","Wachstumsphase, v.a. später Vegetationszeitraum","Wachstum verlangsamt sich trotz korrekter Düngung und Bewässerung; Substrat trocknet ungewöhnlich schnell nach dem Giessen aus","zu kleiner Topf für die Pflanzengrösse/Kulturdauer; kein rechtzeitiges Umtopfen während der Wachstumsphase","https://meineplantage.de/cannabis-umtopfen/"
"zinktoxizitaet","Zink-Toxizität","Zinc Toxicity","Naehrstoffueberschuss","Sehr seltene Toxizität durch massive Überdosierung, induziert oft einen sekundären Eisenmangel an neuen Blättern (Antagonismus).","neue Blätter","Wachstumsphase","interveinale Chlorose an neuen Blättern, ähnlich Eisenmangel","massive Überdosierung eines Zink-Präparats oder Mikronährstoff-Mixes; Verwendung verzinkter Materialien im Bewässerungssystem (sehr selten)",""
"zinkmangel","Zinkmangel","Zinc Deficiency (Zn)","Naehrstoffmangel","Immobiler Mikronährstoff-Mangel mit verkürzten Internodien, kleinen, verformten neuen Blättern und interveinaler Chlorose an Triebspitzen.","neue Triebspitzen; oberste Blätter","Wachstumsphase","kleine, leicht verformte neue Blätter an der Spitze; leichte interveinale Aufhellung an jüngstem Wachstum","zu hoher pH-Wert blockiert Zn-Aufnahme; Phosphor-Überschuss verdrängt Zink; sehr seltene echte Substratarmut",""